doc_id,location_name,user_names
,Boston Harbor ES,jbrotherton
,Centennial ES,sritter
,Garfield ES,bchertok
,Hansen ES,erascon
,Lincoln ES,mabadi
,LP Brown ES,jlang
,Madison ES,dsknoll
,McKenny ES,mhavens
,McLane ES,mwest
,Pioneer ES,mconnolly
,Roosevelt ES,sshaughnessy
,Jefferson MS,mcimino
,Marshall MS,cowood
,Reeves MS,to be determined
,Washington MS,panders
,Avanti HS,mvelasquez
,Capital HS,ccleveringa
,Olympia HS,mgrant
,ORLA,cwaltermeyer
,Business Services,jlanting
,Capital Planning & Constr,atyler
,Communications,sgifford
,CTE,to be determined
,Food Service,pflock
,Human Resources,sniemann
,Payroll,tpalmer
,Student Support,klewinsohn
,Superintendent's Office,to be determined
,Support Service Center,atyler
,Teaching & Learning,lklancke
,Transportation,rmorton
,Technology,melliott
